CAMERA TYPE,CAMERA LOCATION CODE,Location,
RED LIGHT AND SPEED CAMERA,1001,-35.27941,149.12925
RED LIGHT AND SPEED CAMERA,1002,-35.2761,149.12948
RED LIGHT AND SPEED CAMERA,1004,-35.37887,149.056401
RED LIGHT AND SPEED CAMERA,1006,-35.24783,149.13412
RED LIGHT AND SPEED CAMERA,1007,-35.23108,149.08095
RED LIGHT AND SPEED CAMERA,1008,-35.3483,149.068284
RED LIGHT AND SPEED CAMERA,1011,-35.22168,149.06305
RED LIGHT AND SPEED CAMERA,1020,-35.2755,149.12725
RED LIGHT AND SPEED CAMERA,1021,-35.35072,149.101271
RED LIGHT AND SPEED CAMERA,1022,-35.34887,149.085881
RED LIGHT AND SPEED CAMERA,1023,-35.33802,149.176871
RED LIGHT AND SPEED CAMERA,1024,-35.31963,149.135771
RED LIGHT AND SPEED CAMERA,1025,-35.1863,149.1191
FIXED ONLY SPEED CAMERA,1027,-35.2281,149.12348
FIXED ONLY SPEED CAMERA,1028,-35.39088,149.162221
FIXED ONLY SPEED CAMERA,1029,-35.40282,149.147581
FIXED ONLY SPEED CAMERA,1030,-35.22567,149.16112
FIXED ONLY SPEED CAMERA,1031,-35.22413,149.16758
FIXED ONLY SPEED CAMERA,1032N,-35.34167,149.162871
FIXED ONLY SPEED CAMERA,1032S,-35.34168,149.163271
FIXED ONLY SPEED CAMERA,1033N,-35.34778,149.069481
FIXED ONLY SPEED CAMERA,1033S,-35.34768,149.069651
FIXED ONLY SPEED CAMERA,1034,-35.3193,149.06346
FIXED ONLY SPEED CAMERA,1035,-35.31917,149.06372
POINT TO POINT CAMERA,2002/2003,-35.3471,149.10827
POINT TO POINT CAMERA,2001/2004,-35.34427,149.13548
MOBILE SPEED CAMERA,0001A,-35.3139,149.0995
MOBILE SPEED CAMERA,0001B,-35.31233,149.10587
MOBILE SPEED CAMERA,0001C,-35.31088,149.11324
MOBILE SPEED CAMERA,0001D,-35.31073,149.11328
MOBILE SPEED CAMERA,0002A,-35.24864,149.14285
MOBILE SPEED CAMERA,0002B,-35.24881,149.14293
MOBILE SPEED CAMERA,0002C,-35.24843,149.14535
MOBILE SPEED CAMERA,0002D,-35.24855,149.1453
MOBILE SPEED CAMERA,0002E,-35.24783,149.14978
MOBILE SPEED CAMERA,0002E,-35.24791,149.14976
MOBILE SPEED CAMERA,0002F,-35.24796,149.14935
MOBILE SPEED CAMERA,0002G,-35.24438,149.15914
MOBILE SPEED CAMERA,0002H,-35.24197,149.16217
MOBILE SPEED CAMERA,0002I,-35.23236,149.16648
MOBILE SPEED CAMERA,0002J,-35.22915,149.16684
MOBILE SPEED CAMERA,0002K,-35.23181,149.1668
MOBILE SPEED CAMERA,0002L,-35.24106,149.16362
MOBILE SPEED CAMERA,0002M,-35.24501,149.1587
MOBILE SPEED CAMERA,0002N,-35.24829,149.14927
MOBILE SPEED CAMERA,0002O,-35.24812,149.14928
MOBILE SPEED CAMERA,0002P,-35.24892,149.14297
MOBILE SPEED CAMERA,0002Q,-35.24879,149.14273
MOBILE SPEED CAMERA,0003B,-35.37929,149.09316
MOBILE SPEED CAMERA,0003C,-35.3739,149.09302
MOBILE SPEED CAMERA,0003D,-35.37329,149.09272
MOBILE SPEED CAMERA,0003E,-35.37568,149.09309
MOBILE SPEED CAMERA,0003G,-35.38032,149.09372
MOBILE SPEED CAMERA,0003H,-35.38007,149.09397
MOBILE SPEED CAMERA,0004A,-35.26052,149.09898
MOBILE SPEED CAMERA,0004B,-35.26032,149.09892
MOBILE SPEED CAMERA,0004C,-35.26013,149.09488
MOBILE SPEED CAMERA,0004D,-35.25975,149.09446
MOBILE SPEED CAMERA,0004E,-35.25547,149.08744
MOBILE SPEED CAMERA,0004G,-35.25181,149.07945
MOBILE SPEED CAMERA,0004H,-35.25185,149.0804
MOBILE SPEED CAMERA,0004I,-35.25115,149.07759
MOBILE SPEED CAMERA,0004J,-35.25091,149.07757
MOBILE SPEED CAMERA,0177A,-35.24774,149.16323
MOBILE SPEED CAMERA,0004K,-35.24868,149.06943
MOBILE SPEED CAMERA,0004L,-35.24849,149.06958
MOBILE SPEED CAMERA,0004M,-35.2458,149.06197
MOBILE SPEED CAMERA,0004N,-35.2459,149.06263
MOBILE SPEED CAMERA,0004O,-35.24421,149.05857
MOBILE SPEED CAMERA,0004P,-35.24444,149.0598
MOBILE SPEED CAMERA,0004R,-35.24518,149.06134
MOBILE SPEED CAMERA,0004S,-35.24883,149.07168
MOBILE SPEED CAMERA,0004T,-35.24897,149.0715
MOBILE SPEED CAMERA,0004U,-35.25219,149.08217
MOBILE SPEED CAMERA,0004V,-35.25228,149.08175
MOBILE SPEED CAMERA,0004Y,-35.25865,149.09261
MOBILE SPEED CAMERA,0004Z,-35.25994,149.09585
MOBILE SPEED CAMERA,0004Z1,-35.26,149.10064
MOBILE SPEED CAMERA,0004Z2,-35.26024,149.0997
MOBILE SPEED CAMERA,0005A,-35.30842,149.1391
MOBILE SPEED CAMERA,0005B,-35.30591,149.13967
MOBILE SPEED CAMERA,0006A,-35.29354,149.03593
MOBILE SPEED CAMERA,0006C,-35.30475,149.03109
MOBILE SPEED CAMERA,0006D,-35.29279,149.03621
MOBILE SPEED CAMERA,0006E,-35.27484,149.04666
MOBILE SPEED CAMERA,0006F,-35.27135,149.05033
MOBILE SPEED CAMERA,0007A,-35.39358,149.07025
MOBILE SPEED CAMERA,0007B,-35.39316,149.07029
MOBILE SPEED CAMERA,0007C,-35.38908,149.0658
MOBILE SPEED CAMERA,0008A,-35.39989,149.1061
MOBILE SPEED CAMERA,0008B,-35.39788,149.10498
MOBILE SPEED CAMERA,0009A,-35.20891,149.02705
MOBILE SPEED CAMERA,0009B,-35.21819,149.01942
MOBILE SPEED CAMERA,0009D,-35.20743,149.02678
MOBILE SPEED CAMERA,0010A,-35.20891,149.03699
MOBILE SPEED CAMERA,0010B,-35.20914,149.03686
MOBILE SPEED CAMERA,0010C,-35.21231,149.03827
MOBILE SPEED CAMERA,0010D,-35.2161,149.04151
MOBILE SPEED CAMERA,0010E,-35.21617,149.04126
MOBILE SPEED CAMERA,0010F,-35.21471,149.03897
MOBILE SPEED CAMERA,0010G,-35.21446,149.03899
MOBILE SPEED CAMERA,0010H,-35.21101,149.03691
MOBILE SPEED CAMERA,0011B,-35.24357,149.11315
MOBILE SPEED CAMERA,0011D,-35.24292,149.12301
MOBILE SPEED CAMERA,0011E,-35.24322,149.12177
MOBILE SPEED CAMERA,0011F,-35.24318,149.12002
MOBILE SPEED CAMERA,0011H,-35.24352,149.1125
MOBILE SPEED CAMERA,0012A,-35.1876,149.12121
MOBILE SPEED CAMERA,0012B,-35.191,149.12534
MOBILE SPEED CAMERA,0012C,-35.19584,149.12982
MOBILE SPEED CAMERA,0012D,-35.20412,149.13265
MOBILE SPEED CAMERA,0012E,-35.19042,149.12463
MOBILE SPEED CAMERA,0012F,-35.19667,149.13034
MOBILE SPEED CAMERA,0012G,-35.20089,149.13212
MOBILE SPEED CAMERA,0012H,-35.2055,149.13265
MOBILE SPEED CAMERA,0012I,-35.19610352,149.1297262
MOBILE SPEED CAMERA,0012J,-35.19486,149.128891
MOBILE SPEED CAMERA,0012K,-35.19227853,149.1265005
MOBILE SPEED CAMERA,0012L,-35.19053788,149.1244338
MOBILE SPEED CAMERA,0012M,-35.180415,149.108837
MOBILE SPEED CAMERA,0012N,-35.18126,149.109907
MOBILE SPEED CAMERA,0013A,-35.34417,149.15038
MOBILE SPEED CAMERA,0013B,-35.34467,149.14996
MOBILE SPEED CAMERA,0013C,-35.34457,149.14973
MOBILE SPEED CAMERA,0014A,-35.34909,149.08742
MOBILE SPEED CAMERA,0014B,-35.34889,149.08727
MOBILE SPEED CAMERA,0014C,-35.34902,149.0855
MOBILE SPEED CAMERA,0014D,-35.34883,149.08531
MOBILE SPEED CAMERA,0014E,-35.34785,149.0795
MOBILE SPEED CAMERA,0014F,-35.34778,149.07349
MOBILE SPEED CAMERA,0014G,-35.347,149.06245
MOBILE SPEED CAMERA,0014H,-35.34615,149.06028
MOBILE SPEED CAMERA,0014I,-35.34448,149.05326
MOBILE SPEED CAMERA,0014J,-35.34213,149.04301
MOBILE SPEED CAMERA,0014K,-35.34235,149.03773
MOBILE SPEED CAMERA,0015A,-35.19815,149.06083
MOBILE SPEED CAMERA,0015B,-35.19422,149.06092
MOBILE SPEED CAMERA,0015C,-35.19913,149.06186
MOBILE SPEED CAMERA,0015D,-35.20312,149.05728
MOBILE SPEED CAMERA,0015E,-35.20297,149.05394
MOBILE SPEED CAMERA,0015F,-35.21307,149.04722
MOBILE SPEED CAMERA,0015G,-35.22113,149.04042
MOBILE SPEED CAMERA,0015H,-35.2256,149.03672
MOBILE SPEED CAMERA,0015I,-35.23328,149.03422
MOBILE SPEED CAMERA,0015J,-35.23623,149.0329
MOBILE SPEED CAMERA,0015K,-35.21208,149.04775
MOBILE SPEED CAMERA,0016A,-35.29517,149.0744
MOBILE SPEED CAMERA,0016B,-35.30666,149.07511
MOBILE SPEED CAMERA,0016D,-35.30992,149.07826
MOBILE SPEED CAMERA,0016G,-35.28577,149.10115
MOBILE SPEED CAMERA,0016H,-35.28557,149.09073
MOBILE SPEED CAMERA,0016I,-35.28808,149.08338
MOBILE SPEED CAMERA,0016J,-35.28635,149.08505
MOBILE SPEED CAMERA,0017A,-35.38486,149.1206
MOBILE SPEED CAMERA,0017B,-35.38869,149.12788
MOBILE SPEED CAMERA,0017D,-35.38897,149.12731
MOBILE SPEED CAMERA,0017E,-35.38908,149.13325
MOBILE SPEED CAMERA,0018A,-35.35198,149.08529
MOBILE SPEED CAMERA,0018B,-35.35373,149.08592
MOBILE SPEED CAMERA,0018C,-35.35392,149.08598
MOBILE SPEED CAMERA,0018E,-35.35486,149.08631
MOBILE SPEED CAMERA,0018F,-35.35727,149.0893
MOBILE SPEED CAMERA,0018G,-35.34304,149.08248
MOBILE SPEED CAMERA,0018H,-35.34534,149.08294
MOBILE SPEED CAMERA,0020A,-35.35238,149.16479
MOBILE SPEED CAMERA,0020C,-35.36493,149.16759
MOBILE SPEED CAMERA,0020E,-35.3764,149.1697
MOBILE SPEED CAMERA,0020G,-35.39066,149.16373
MOBILE SPEED CAMERA,0020H,-35.39006,149.16425
MOBILE SPEED CAMERA,0020I,-35.39488,149.15771
MOBILE SPEED CAMERA,0020J,-35.39584,149.15603
MOBILE SPEED CAMERA,0020M,-35.39931,149.15051
MOBILE SPEED CAMERA,0020N,-35.39934,149.15085
MOBILE SPEED CAMERA,0020S,-35.37366,149.16849
MOBILE SPEED CAMERA,0020T,-35.3736,149.1687
MOBILE SPEED CAMERA,0020U,-35.36401,149.16671
MOBILE SPEED CAMERA,0020V,-35.36262,149.1667
MOBILE SPEED CAMERA,0020W,-35.3556,149.16504
MOBILE SPEED CAMERA,0020X,-35.35513,149.16516
MOBILE SPEED CAMERA,0021A,-35.37311,149.13219
MOBILE SPEED CAMERA,0021B,-35.35323,149.13339
MOBILE SPEED CAMERA,0021D,-35.38006,149.13492
MOBILE SPEED CAMERA,0022C,-35.25784,149.13286
MOBILE SPEED CAMERA,0022D,-35.25807,149.1326
MOBILE SPEED CAMERA,0022E,-35.25556,149.13265
MOBILE SPEED CAMERA,0022F,-35.25562,149.13285
MOBILE SPEED CAMERA,0022G,-35.25131,149.13332
MOBILE SPEED CAMERA,0022H,-35.25142,149.13354
MOBILE SPEED CAMERA,0023A,-35.28509,149.10207
MOBILE SPEED CAMERA,0023B,-35.28467,149.10257
MOBILE SPEED CAMERA,0023D,-35.28495,149.09772
MOBILE SPEED CAMERA,0023G,-35.28308,149.10693
MOBILE SPEED CAMERA,0023I,-35.2851,149.09929
MOBILE SPEED CAMERA,0023K,-35.28374,149.10419
MOBILE SPEED CAMERA,0024A,-35.30153,149.0659
MOBILE SPEED CAMERA,0024B,-35.3079,149.06222
MOBILE SPEED CAMERA,0024C,-35.30756,149.06193
MOBILE SPEED CAMERA,0024D,-35.29404,149.07183
MOBILE SPEED CAMERA,0026B,-35.36059,149.06827
MOBILE SPEED CAMERA,0026C,-35.36836,149.06045
MOBILE SPEED CAMERA,0026D,-35.36068,149.06782
MOBILE SPEED CAMERA,0027A,-35.36659,149.10778
MOBILE SPEED CAMERA,0027B,-35.36377,149.106
MOBILE SPEED CAMERA,0027C,-35.363,149.10581
MOBILE SPEED CAMERA,0027D,-35.3297,149.08623
MOBILE SPEED CAMERA,0027D,-35.35918,149.1033
MOBILE SPEED CAMERA,0027E,-35.36973,149.10951
MOBILE SPEED CAMERA,0027F,-35.37417,149.11008
MOBILE SPEED CAMERA,0027G,-35.37911,149.11582
MOBILE SPEED CAMERA,0028A,-35.47414,149.09312
MOBILE SPEED CAMERA,0028B,-35.46851,149.09654
MOBILE SPEED CAMERA,0028C,-35.46517,149.09394
MOBILE SPEED CAMERA,0029A,-35.21147,149.08452
MOBILE SPEED CAMERA,0029B,-35.20722,149.08161
MOBILE SPEED CAMERA,0029C,-35.19584,149.06928
MOBILE SPEED CAMERA,0029D,-35.19984,149.07372
MOBILE SPEED CAMERA,0029E,-35.20355,149.07911
MOBILE SPEED CAMERA,0029F,-35.20189,149.0755
MOBILE SPEED CAMERA,0030A,-35.40568,149.08164
MOBILE SPEED CAMERA,0030B,-35.40836,149.08405
MOBILE SPEED CAMERA,0030C,-35.40686,149.0828
MOBILE SPEED CAMERA,0031A,-35.24367,149.04491
MOBILE SPEED CAMERA,0031B,-35.25083,149.04388
MOBILE SPEED CAMERA,0031C,-35.2566,149.04633
MOBILE SPEED CAMERA,0031D,-35.25803,149.0519
MOBILE SPEED CAMERA,0032A,-35.19084,149.01971
MOBILE SPEED CAMERA,0032B,-35.1898,149.02079
MOBILE SPEED CAMERA,0032C,-35.19227,149.02869
MOBILE SPEED CAMERA,0032D,-35.19389,149.03369
MOBILE SPEED CAMERA,0033A,-35.17099,149.07112
MOBILE SPEED CAMERA,0033B,-35.17285,149.06685
MOBILE SPEED CAMERA,0033C,-35.17413,149.0642
MOBILE SPEED CAMERA,0034A,-35.33048,149.05738
MOBILE SPEED CAMERA,0034B,-35.3338,149.06377
MOBILE SPEED CAMERA,0035A,-35.33704,149.12212
MOBILE SPEED CAMERA,0035C,-35.32089,149.11619
MOBILE SPEED CAMERA,0036A,-35.35384,149.06896
MOBILE SPEED CAMERA,0036B,-35.35734,149.06821
MOBILE SPEED CAMERA,0036C,-35.35838,149.0579
MOBILE SPEED CAMERA,0037A,-35.34293,149.05751
MOBILE SPEED CAMERA,0037B,-35.34856,149.05683
MOBILE SPEED CAMERA,0037C,-35.35679,149.04881
MOBILE SPEED CAMERA,0037D,-35.36041,149.04762
MOBILE SPEED CAMERA,0037E,-35.36407,149.05005
MOBILE SPEED CAMERA,0037F,-35.36943,149.05049
MOBILE SPEED CAMERA,0037G,-35.36922,149.05086
MOBILE SPEED CAMERA,0038B,-35.31388,149.11409
MOBILE SPEED CAMERA,0039A,-35.38941,149.08858
MOBILE SPEED CAMERA,0039B,-35.39204,149.10177
MOBILE SPEED CAMERA,0039C,-35.39566,149.10394
MOBILE SPEED CAMERA,0039C_2,-35.39493,149.10353
MOBILE SPEED CAMERA,0039D,-35.39925,149.1015
MOBILE SPEED CAMERA,0040A,-35.23136,149.11004
MOBILE SPEED CAMERA,0040B,-35.22167,149.11128
MOBILE SPEED CAMERA,0040C,-35.22875,149.11144
MOBILE SPEED CAMERA,0040D,-35.23345,149.10446
MOBILE SPEED CAMERA,0041A,-35.40017,149.05947
MOBILE SPEED CAMERA,0041B,-35.39705,149.05721
MOBILE SPEED CAMERA,0041C,-35.39301,149.04422
MOBILE SPEED CAMERA,0042A,-35.23932,149.04509
MOBILE SPEED CAMERA,0042B,-35.23976,149.05017
MOBILE SPEED CAMERA,0043A,-35.33926,149.04715
MOBILE SPEED CAMERA,0044A,-35.18999,149.0464
MOBILE SPEED CAMERA,0044B,-35.20313,149.03994
MOBILE SPEED CAMERA,0044C,-35.20052,149.04307
MOBILE SPEED CAMERA,0044D,-35.19669,149.04213
MOBILE SPEED CAMERA,0044E,-35.20492,149.03708
MOBILE SPEED CAMERA,0045A,-35.25524,149.11091
MOBILE SPEED CAMERA,0045B,-35.24554,149.1176
MOBILE SPEED CAMERA,0045C,-35.2529,149.11241
MOBILE SPEED CAMERA,0046A,-35.40984,149.07526
MOBILE SPEED CAMERA,0046B,-35.4067,149.07912
MOBILE SPEED CAMERA,0047A,-35.20928,149.0945
MOBILE SPEED CAMERA,0047B,-35.21034,149.10026
MOBILE SPEED CAMERA,0047C,-35.21572,149.10006
MOBILE SPEED CAMERA,0048A,-35.38962,149.07921
MOBILE SPEED CAMERA,0048B,-35.38785,149.08248
MOBILE SPEED CAMERA,0048C,-35.38495,149.08557
MOBILE SPEED CAMERA,0049A,-35.42083,149.08781
MOBILE SPEED CAMERA,0049B,-35.41687,149.08593
MOBILE SPEED CAMERA,0049C,-35.41287,149.09947
MOBILE SPEED CAMERA,0049D,-35.4148,149.09612
MOBILE SPEED CAMERA,0050A,-35.35324,149.03636
MOBILE SPEED CAMERA,0050B,-35.34865,149.02904
MOBILE SPEED CAMERA,0050C,-35.34605,149.02854
MOBILE SPEED CAMERA,0051A,-35.32293,149.13058
MOBILE SPEED CAMERA,0051B,-35.33072,149.13313
MOBILE SPEED CAMERA,0051C,-35.34016,149.1283
MOBILE SPEED CAMERA,0051D,-35.33812,149.12354
MOBILE SPEED CAMERA,0051E,-35.33072,149.13332
MOBILE SPEED CAMERA,0052A,-35.30199,149.09835
MOBILE SPEED CAMERA,0052B,-35.3033,149.09835
MOBILE SPEED CAMERA,0052C,-35.30853,149.09836
MOBILE SPEED CAMERA,0052D,-35.31103,149.09835
MOBILE SPEED CAMERA,0053A,-35.33885,149.14751
MOBILE SPEED CAMERA,0053B,-35.34013,149.14528
MOBILE SPEED CAMERA,0053C,-35.34095,149.14315
MOBILE SPEED CAMERA,0053C,-35.34124,149.14232
MOBILE SPEED CAMERA,0053D,-35.33903,149.14687
MOBILE SPEED CAMERA,0053E,-35.33663,149.15183
MOBILE SPEED CAMERA,0053F,-35.33705,149.1552
MOBILE SPEED CAMERA,0054A,-35.3396,149.07935
MOBILE SPEED CAMERA,0055A,-35.35325,149.09147
MOBILE SPEED CAMERA,0055B,-35.36087,149.09204
MOBILE SPEED CAMERA,0055C,-35.36971,149.09287
MOBILE SPEED CAMERA,0055D,-35.36784,149.09241
MOBILE SPEED CAMERA,0055E,-35.36086,149.0918
MOBILE SPEED CAMERA,0055F,-35.35076,149.09047
MOBILE SPEED CAMERA,0056A,-35.4055,149.06421
MOBILE SPEED CAMERA,0056B,-35.39789,149.06832
MOBILE SPEED CAMERA,0056C,-35.39305,149.07827
MOBILE SPEED CAMERA,0056D,-35.38644,149.09164
MOBILE SPEED CAMERA,0056E,-35.39055,149.0827
MOBILE SPEED CAMERA,0057A,-35.2631,149.13178
MOBILE SPEED CAMERA,0057B,-35.26869,149.13091
MOBILE SPEED CAMERA,0057F,-35.26183,149.13179
MOBILE SPEED CAMERA,0059A,-35.24087,149.03474
MOBILE SPEED CAMERA,0059B,-35.24206,149.04431
MOBILE SPEED CAMERA,0059C,-35.2434,149.0491
MOBILE SPEED CAMERA,0060A,-35.23825,149.14611
MOBILE SPEED CAMERA,0060B,-35.2428,149.15158
MOBILE SPEED CAMERA,0060C,-35.24446,149.15335
MOBILE SPEED CAMERA,0061A,-35.23733,149.13322
MOBILE SPEED CAMERA,0061D,-35.21618,149.11506
MOBILE SPEED CAMERA,0061E,-35.20754,149.10409
MOBILE SPEED CAMERA,0061L,-35.2103,149.1099
MOBILE SPEED CAMERA,0061M,-35.21824,149.11789
MOBILE SPEED CAMERA,0061O,-35.20893,149.1077
MOBILE SPEED CAMERA,0061P,-35.21258,149.11215
MOBILE SPEED CAMERA,0061Q,-35.23714,149.13319
MOBILE SPEED CAMERA,0061S,-35.178499,149.068179
MOBILE SPEED CAMERA,0061T,-35.169802,149.059979
MOBILE SPEED CAMERA,0061U,-35.170852,149.060613
MOBILE SPEED CAMERA,0061V,-35.170868,149.0606
MOBILE SPEED CAMERA,0062A,-35.41996,149.07582
MOBILE SPEED CAMERA,0062B,-35.41228,149.07328
MOBILE SPEED CAMERA,0062C,-35.4067,149.07405
MOBILE SPEED CAMERA,0062D,-35.40005,149.07374
MOBILE SPEED CAMERA,0063A,-35.34944,149.09628
MOBILE SPEED CAMERA,0063B,-35.34523,149.11549
MOBILE SPEED CAMERA,0063C,-35.3465,149.10891
MOBILE SPEED CAMERA,0063D,-35.34723,149.12061
MOBILE SPEED CAMERA,0063E,-35.34443,149.13372
MOBILE SPEED CAMERA,0063F,-35.34612,149.11789
MOBILE SPEED CAMERA,0063F,-35.34594,149.11741
MOBILE SPEED CAMERA,0064A,-35.34174,149.15845
MOBILE SPEED CAMERA,0064B,-35.34009,149.16788
MOBILE SPEED CAMERA,0065A,-35.26063,149.1071
MOBILE SPEED CAMERA,0065C,-35.27442,149.12357
MOBILE SPEED CAMERA,0065D,-35.26333,149.11061
MOBILE SPEED CAMERA,0065F,-35.3957,149.07418
MOBILE SPEED CAMERA,0066A,-35.2412,149.10539
MOBILE SPEED CAMERA,0066B,-35.23746,149.10024
MOBILE SPEED CAMERA,0066C,-35.23438,149.08972
MOBILE SPEED CAMERA,0066D,-35.23153,149.08314
MOBILE SPEED CAMERA,0066E,-35.2204,149.05971
MOBILE SPEED CAMERA,0066F,-35.23125,149.08269
MOBILE SPEED CAMERA,0066G,-35.21903,149.04717
MOBILE SPEED CAMERA,0066H,-35.21982,149.05646
MOBILE SPEED CAMERA,0066I,-35.22182,149.06487
MOBILE SPEED CAMERA,0067A,-35.20631,149.03068
MOBILE SPEED CAMERA,0068A,-35.39188,149.10889
MOBILE SPEED CAMERA,0068B,-35.39095,149.11061
MOBILE SPEED CAMERA,0068C,-35.38788,149.11464
MOBILE SPEED CAMERA,0068D,-35.38629,149.11574
MOBILE SPEED CAMERA,0068E,-35.38595,149.1161
MOBILE SPEED CAMERA,0068F,-35.38961,149.11289
MOBILE SPEED CAMERA,0068G,-35.39215,149.10871
MOBILE SPEED CAMERA,0069A,-35.41388,149.08134
MOBILE SPEED CAMERA,0069B,-35.41474,149.07679
MOBILE SPEED CAMERA,0069C,-35.41373,149.08124
MOBILE SPEED CAMERA,0069D,-35.40758,149.08991
MOBILE SPEED CAMERA,0069E,-35.40655,149.09677
MOBILE SPEED CAMERA,0069E,-35.4076,149.08987
MOBILE SPEED CAMERA,0069E,-35.40759,149.08988
MOBILE SPEED CAMERA,0069F,-35.40652,149.09676
MOBILE SPEED CAMERA,0070A,-35.18994,149.07122
MOBILE SPEED CAMERA,0070B,-35.18874,149.07158
MOBILE SPEED CAMERA,0070C,-35.18741,149.07203
MOBILE SPEED CAMERA,0070D,-35.19211,149.06467
MOBILE SPEED CAMERA,0071A,-35.34104,149.08541
MOBILE SPEED CAMERA,0071B,-35.34074,149.08501
MOBILE SPEED CAMERA,0071C,-35.34083,149.08489
MOBILE SPEED CAMERA,0072A,-35.41366,149.14493
MOBILE SPEED CAMERA,0072B,-35.41618,149.14487
MOBILE SPEED CAMERA,0072C,-35.42646,149.13855
MOBILE SPEED CAMERA,0072D,-35.42684,149.1377
MOBILE SPEED CAMERA,0072E,-35.42882,149.13499
MOBILE SPEED CAMERA,0072F,-35.42455,149.14035
MOBILE SPEED CAMERA,0072G,-35.42004,149.1436
MOBILE SPEED CAMERA,0072H,-35.40715,149.14453
MOBILE SPEED CAMERA,0072I,-35.449317,149.130197
MOBILE SPEED CAMERA,0072J,-35.463421,149.134731
MOBILE SPEED CAMERA,0072K,-35.479505,149.145866
MOBILE SPEED CAMERA,0072L,-35.487751,149.149579
MOBILE SPEED CAMERA,0072M,-35.52339,149.144131
MOBILE SPEED CAMERA,0072N,-35.537383,149.137554
MOBILE SPEED CAMERA,0072O,-35.577883,149.135176
MOBILE SPEED CAMERA,0072P,-35.561381,149.131466
MOBILE SPEED CAMERA,0072Q,-35.519423,149.145319
MOBILE SPEED CAMERA,0072R,-35.470501,149.137987
MOBILE SPEED CAMERA,0073A,-35.34743,149.1385
MOBILE SPEED CAMERA,0073B,-35.34742,149.13826
MOBILE SPEED CAMERA,0074A,-35.39228,149.13891
MOBILE SPEED CAMERA,0074B,-35.39547,149.14287
MOBILE SPEED CAMERA,0074C,-35.39671,149.14765
MOBILE SPEED CAMERA,0074D,-35.39656,149.14514
MOBILE SPEED CAMERA,0074E,-35.39458,149.14109
MOBILE SPEED CAMERA,0074F,-35.39353,149.13988
MOBILE SPEED CAMERA,0075A,-35.28554,149.11247
MOBILE SPEED CAMERA,0075B,-35.28443,149.11099
MOBILE SPEED CAMERA,0075C,-35.2851,149.11259
MOBILE SPEED CAMERA,0075D,-35.28575,149.12618
MOBILE SPEED CAMERA,0075E,-35.28597,149.12803
MOBILE SPEED CAMERA,0075F,-35.2941,149.14443
MOBILE SPEED CAMERA,0075G,-35.2938,149.14385
MOBILE SPEED CAMERA,0075H,-35.28587,149.12798
MOBILE SPEED CAMERA,0075I,-35.28573,149.12487
MOBILE SPEED CAMERA,0076A,-35.34636,149.09959
MOBILE SPEED CAMERA,0076B,-35.34556,149.09937
MOBILE SPEED CAMERA,0076C,-35.34564,149.09919
MOBILE SPEED CAMERA,0077A,-35.3187,149.08907
MOBILE SPEED CAMERA,0077B,-35.31921,149.0892
MOBILE SPEED CAMERA,0077C,-35.31548,149.0922
MOBILE SPEED CAMERA,0077D,-35.31945,149.08979
MOBILE SPEED CAMERA,0077E,-35.32457,149.08793
MOBILE SPEED CAMERA,0077F,-35.32508,149.08799
MOBILE SPEED CAMERA,0077G,-35.32972,149.08623
MOBILE SPEED CAMERA,0077H,-35.32995,149.08638
MOBILE SPEED CAMERA,0078A,-35.32845,149.15852
MOBILE SPEED CAMERA,0078B,-35.32777,149.15682
MOBILE SPEED CAMERA,0079B,-35.34268,149.19027
MOBILE SPEED CAMERA,0079C,-35.34429,149.19382
MOBILE SPEED CAMERA,0080A,-35.30015,149.14504
MOBILE SPEED CAMERA,0080A,-35.300499,149.143943
MOBILE SPEED CAMERA,0080B,-35.300604,149.144038
MOBILE SPEED CAMERA,0080B,-35.300965,149.143163
MOBILE SPEED CAMERA,0080C,-35.30585,149.13078
MOBILE SPEED CAMERA,0081A,-35.2763,149.07042
MOBILE SPEED CAMERA,0081B,-35.27454,149.06396
MOBILE SPEED CAMERA,0081C,-35.27128,149.05591
MOBILE SPEED CAMERA,0081D,-35.27405,149.06357
MOBILE SPEED CAMERA,0081E,-35.27616,149.07201
MOBILE SPEED CAMERA,0082A,-35.26989,149.04299
MOBILE SPEED CAMERA,0082B,-35.2648,149.0333
MOBILE SPEED CAMERA,0082C,-35.26056,149.02951
MOBILE SPEED CAMERA,0082D,-35.24617,149.02726
MOBILE SPEED CAMERA,0082E,-35.25196,149.02649
MOBILE SPEED CAMERA,0082F,-35.26541,149.0339
MOBILE SPEED CAMERA,0082G,-35.2694,149.04466
MOBILE SPEED CAMERA,0083A,-35.28884,149.12754
MOBILE SPEED CAMERA,0083B,-35.28878,149.12762
MOBILE SPEED CAMERA,0083B,-35.29071,149.12726
MOBILE SPEED CAMERA,0083C,-35.29597,149.12642
MOBILE SPEED CAMERA,0084B,-35.19428,149.11032
MOBILE SPEED CAMERA,0084D,-35.18042,149.13137
MOBILE SPEED CAMERA,0084E,-35.18048,149.1371
MOBILE SPEED CAMERA,0085B,-35.197,149.10525
MOBILE SPEED CAMERA,0085C,-35.19829,149.10284
MOBILE SPEED CAMERA,0086A,-35.25868,149.07329
MOBILE SPEED CAMERA,0086B,-35.25674,149.07365
MOBILE SPEED CAMERA,0086C,-35.27018,149.07519
MOBILE SPEED CAMERA,0086D,-35.251716,149.075236
MOBILE SPEED CAMERA,0087A,-35.42678,149.10741
MOBILE SPEED CAMERA,0087B,-35.42542,149.10587
MOBILE SPEED CAMERA,0087C,-35.42718,149.11102
MOBILE SPEED CAMERA,0087D,-35.42698,149.11107
MOBILE SPEED CAMERA,0087E,-35.42633,149.11215
MOBILE SPEED CAMERA,0087F,-35.42997,149.11998
MOBILE SPEED CAMERA,0088A,-35.32621,149.02276
MOBILE SPEED CAMERA,0088C,-35.33647,149.003831
MOBILE SPEED CAMERA,0088D,-35.330171,149.011335
MOBILE SPEED CAMERA,0089B,-35.22128,149.17493
MOBILE SPEED CAMERA,0089C,-35.216731,149.182986
MOBILE SPEED CAMERA,0089D,-35.215409,149.184654
MOBILE SPEED CAMERA,0089E,-35.212912,149.188416
MOBILE SPEED CAMERA,0089F,-35.215655,149.185031
MOBILE SPEED CAMERA,0090A,-35.22194,149.19591
MOBILE SPEED CAMERA,0090B,-35.22927,149.19663
MOBILE SPEED CAMERA,0090C,-35.242,149.19423
MOBILE SPEED CAMERA,0090D,-35.27146,149.19578
MOBILE SPEED CAMERA,0090E,-35.28294,149.19359
MOBILE SPEED CAMERA,0090F,-35.24192,149.19407
MOBILE SPEED CAMERA,0090G,-35.22205,149.19568
MOBILE SPEED CAMERA,0090H,-35.2147,149.18952
MOBILE SPEED CAMERA,0091A,-35.23733,149.1254
MOBILE SPEED CAMERA,0091B,-35.2344,149.12518
MOBILE SPEED CAMERA,0091C,-35.23184,149.12061
MOBILE SPEED CAMERA,0091D,-35.23164,149.11515
MOBILE SPEED CAMERA,0091E,-35.2344,149.12539
MOBILE SPEED CAMERA,0091F,-35.24143,149.12637
MOBILE SPEED CAMERA,0092A,-35.23832,149.14024
MOBILE SPEED CAMERA,0092B,-35.23709,149.14213
MOBILE SPEED CAMERA,0093A,-35.23419,149.05256
MOBILE SPEED CAMERA,0093B,-35.23231,149.04994
MOBILE SPEED CAMERA,0093C,-35.22915,149.04283
MOBILE SPEED CAMERA,0093D,-35.22865,149.03947
MOBILE SPEED CAMERA,0093E,-35.23204,149.04982
MOBILE SPEED CAMERA,0093F,-35.23498,149.05485
MOBILE SPEED CAMERA,0094A,-35.22352,149.03047
MOBILE SPEED CAMERA,0094B,-35.2215,149.02763
MOBILE SPEED CAMERA,0094C,-35.2195,149.02132
MOBILE SPEED CAMERA,0094D,-35.21887,149.01249
MOBILE SPEED CAMERA,0094E,-35.21995,149.02367
MOBILE SPEED CAMERA,0095A,-35.3916,149.10229
MOBILE SPEED CAMERA,0095B,-35.38573,149.09643
MOBILE SPEED CAMERA,0095C,-35.37926,149.0745
MOBILE SPEED CAMERA,0095D,-35.37389,149.06034
MOBILE SPEED CAMERA,0095E,-35.3789,149.07367
MOBILE SPEED CAMERA,0095F,-35.38174,149.07897
MOBILE SPEED CAMERA,0095G,-35.38312,149.08737
MOBILE SPEED CAMERA,0095H,-35.39052,149.1019
MOBILE SPEED CAMERA,0096A,-35.247,149.05632
MOBILE SPEED CAMERA,0096B,-35.24619,149.0561
MOBILE SPEED CAMERA,0096C,-35.26126,149.05598
MOBILE SPEED CAMERA,0096D,-35.26332,149.05582
MOBILE SPEED CAMERA,0096E,-35.22692,149.06069
MOBILE SPEED CAMERA,0096E,-35.22691,149.06072
MOBILE SPEED CAMERA,0096F,-35.23347,149.05841
MOBILE SPEED CAMERA,0096G,-35.23427,149.05816
MOBILE SPEED CAMERA,0096H,-35.25303,149.05467
MOBILE SPEED CAMERA,0096I,-35.22837,149.05913
MOBILE SPEED CAMERA,0096J,-35.22338,149.06211
MOBILE SPEED CAMERA,0096K,-35.23784,149.05781
MOBILE SPEED CAMERA,0096L,-35.2344,149.05799
MOBILE SPEED CAMERA,0097A,-35.24594,149.07515
MOBILE SPEED CAMERA,0097C,-35.2452,149.07488
MOBILE SPEED CAMERA,0097D,-35.2473,149.07623
MOBILE SPEED CAMERA,0098A,-35.25226,149.08738
MOBILE SPEED CAMERA,0098B,-35.24428,149.09109
MOBILE SPEED CAMERA,0098C,-35.24094,149.08996
MOBILE SPEED CAMERA,0098D,-35.23711,149.09088
MOBILE SPEED CAMERA,0098E,-35.23761,149.09108
MOBILE SPEED CAMERA,0098F,-35.24735,149.09133
MOBILE SPEED CAMERA,0098G,-35.25039,149.08925
MOBILE SPEED CAMERA,0099A,-35.34128,149.09475
MOBILE SPEED CAMERA,0099B,-35.34244,149.09659
MOBILE SPEED CAMERA,0099C,-35.3487,149.10024
MOBILE SPEED CAMERA,0099D,-35.34212,149.09576
MOBILE SPEED CAMERA,0099E,-35.34038,149.09318
MOBILE SPEED CAMERA,0100A,-35.33043,149.13031
MOBILE SPEED CAMERA,0101A,-35.35697,149.06373
MOBILE SPEED CAMERA,0101B,-35.35196,149.06259
MOBILE SPEED CAMERA,0102A,-35.2965,149.17462
MOBILE SPEED CAMERA,0102B,-35.29638,149.17471
MOBILE SPEED CAMERA,0102C,-35.28269,149.14974
MOBILE SPEED CAMERA,0102D,-35.28302,149.15418
MOBILE SPEED CAMERA,0102E,-35.28319,149.15585
MOBILE SPEED CAMERA,0102F,-35.28378,149.15932
MOBILE SPEED CAMERA,0102G,-35.28573,149.16329
MOBILE SPEED CAMERA,0102H,-35.28555,149.16236
MOBILE SPEED CAMERA,0102I,-35.28433,149.16012
MOBILE SPEED CAMERA,0102J,-35.28361,149.15784
MOBILE SPEED CAMERA,0102K,-35.28327,149.15476
MOBILE SPEED CAMERA,0103A,-35.32703,149.12983
MOBILE SPEED CAMERA,0103B,-35.32567,149.13175
MOBILE SPEED CAMERA,0103C,-35.32808,149.12856
MOBILE SPEED CAMERA,0104A,-35.36267,149.10283
MOBILE SPEED CAMERA,0104B,-35.36326,149.09653
MOBILE SPEED CAMERA,0105A,-35.31894,149.1062
MOBILE SPEED CAMERA,0105B,-35.31869,149.11207
MOBILE SPEED CAMERA,0106A,-35.22043,149.07001
MOBILE SPEED CAMERA,0106B,-35.2108,149.08171
MOBILE SPEED CAMERA,0106C,-35.21937,149.06947
MOBILE SPEED CAMERA,0106D,-35.21365,149.0727
MOBILE SPEED CAMERA,0107A,-35.23854,149.03753
MOBILE SPEED CAMERA,0108A,-35.22679,149.00589
MOBILE SPEED CAMERA,0108B,-35.22316,149.00546
MOBILE SPEED CAMERA,0108C,-35.22013,149.00703
MOBILE SPEED CAMERA,0109A,-35.20356,149.02325
MOBILE SPEED CAMERA,0109B,-35.20152,149.02059
MOBILE SPEED CAMERA,0109C,-35.19786,149.01511
MOBILE SPEED CAMERA,0110A,-35.20348,149.01665
MOBILE SPEED CAMERA,0111A,-35.2725,149.14154
MOBILE SPEED CAMERA,0111B,-35.26897,149.13949
MOBILE SPEED CAMERA,0111C,-35.26754,149.13846
MOBILE SPEED CAMERA,0111D,-35.26403,149.13664
MOBILE SPEED CAMERA,0111E,-35.26368,149.13671
MOBILE SPEED CAMERA,0111F,-35.26757,149.13898
MOBILE SPEED CAMERA,0111G,-35.27136,149.14136
MOBILE SPEED CAMERA,0112A,-35.20669,149.06827
MOBILE SPEED CAMERA,0112B,-35.20753,149.06652
MOBILE SPEED CAMERA,0112C,-35.21419,149.05814
MOBILE SPEED CAMERA,0112D,-35.20785,149.06516
MOBILE SPEED CAMERA,0112E,-35.21872,149.05411
MOBILE SPEED CAMERA,0113A,-35.42,149.07153
MOBILE SPEED CAMERA,0113B,-35.4225,149.07298
MOBILE SPEED CAMERA,0114A,-35.32959,149.08853
MOBILE SPEED CAMERA,0115A,-35.40978,149.13481
MOBILE SPEED CAMERA,0115B,-35.41461,149.11797
MOBILE SPEED CAMERA,0115C,-35.41946,149.10975
MOBILE SPEED CAMERA,0115D,-35.42155,149.09648
MOBILE SPEED CAMERA,0115E,-35.42304,149.0834
MOBILE SPEED CAMERA,0115F,-35.42277,149.08225
MOBILE SPEED CAMERA,0115G,-35.42151,149.0955
MOBILE SPEED CAMERA,0115H,-35.42112,149.09974
MOBILE SPEED CAMERA,0115I,-35.42005,149.10769
MOBILE SPEED CAMERA,0115J,-35.41297,149.1216
MOBILE SPEED CAMERA,0115K,-35.41223,149.12676
MOBILE SPEED CAMERA,0115L,-35.40907,149.13513
MOBILE SPEED CAMERA,0115M,-35.40666,149.13892
MOBILE SPEED CAMERA,0116A,-35.41128,149.10281
MOBILE SPEED CAMERA,0116B,-35.41827,149.10241
MOBILE SPEED CAMERA,0116C,-35.41527,149.10204
MOBILE SPEED CAMERA,0116D,-35.4125,149.10265
MOBILE SPEED CAMERA,0116E,-35.42675,149.10343
MOBILE SPEED CAMERA,0116F,-35.43014,149.10525
MOBILE SPEED CAMERA,0117A,-35.43855,149.12356
MOBILE SPEED CAMERA,0117B,-35.44334,149.09827
MOBILE SPEED CAMERA,0118A,-35.447386,149.092597
MOBILE SPEED CAMERA,0118B,-35.46095,149.0912
MOBILE SPEED CAMERA,0118C,-35.46666,149.09104
MOBILE SPEED CAMERA,0118D,-35.47049,149.09092
MOBILE SPEED CAMERA,0118E,-35.46668,149.0908
MOBILE SPEED CAMERA,0118F,-35.46147,149.09094
MOBILE SPEED CAMERA,0118G,-35.44793,149.09219
MOBILE SPEED CAMERA,0119A,-35.21194,149.17588
MOBILE SPEED CAMERA,0119B,-35.20687,149.17039
MOBILE SPEED CAMERA,0119C,-35.19961,149.16444
MOBILE SPEED CAMERA,0119D,-35.18217,149.14868
MOBILE SPEED CAMERA,0119E,-35.17682,149.14006
MOBILE SPEED CAMERA,0119F,-35.1739,149.13955
MOBILE SPEED CAMERA,0119G,-35.1819,149.14841
MOBILE SPEED CAMERA,0119H,-35.18298,149.15248
MOBILE SPEED CAMERA,0119I,-35.18994,149.16022
MOBILE SPEED CAMERA,0119J,-35.20151,149.16713
MOBILE SPEED CAMERA,0119K,-35.168357,149.138578
MOBILE SPEED CAMERA,0119L,-35.161859,149.127902
MOBILE SPEED CAMERA,0119M,-35.153193,149.111042
MOBILE SPEED CAMERA,0119N,-35.155731,149.105571
MOBILE SPEED CAMERA,0119O,-35.164417,149.101484
MOBILE SPEED CAMERA,0119P,-35.162431,149.101816
MOBILE SPEED CAMERA,0120A,-35.35774,149.05355
MOBILE SPEED CAMERA,0120B,-35.36205,149.05662
MOBILE SPEED CAMERA,0120C,-35.36276,149.05785
MOBILE SPEED CAMERA,0120D,-35.35773,149.05333
MOBILE SPEED CAMERA,0121A,-35.26635,149.11925
MOBILE SPEED CAMERA,0121C,-35.26689,149.11768
MOBILE SPEED CAMERA,0122B,-35.25208,149.10008
MOBILE SPEED CAMERA,0122C,-35.243959,149.110638
MOBILE SPEED CAMERA,0122D,-35.25552,149.09204
MOBILE SPEED CAMERA,0122G,-35.24209,149.1107
MOBILE SPEED CAMERA,0123A,-35.23059,149.01133
MOBILE SPEED CAMERA,0123B,-35.23342,149.02041
MOBILE SPEED CAMERA,0123C,-35.23571,149.02298
MOBILE SPEED CAMERA,0123D,-35.23721,149.02383
MOBILE SPEED CAMERA,0123E,-35.23145,149.01344
MOBILE SPEED CAMERA,0124A,-35.22397,149.01666
MOBILE SPEED CAMERA,0124B,-35.22099,149.01742
MOBILE SPEED CAMERA,0124C,-35.22181,149.01722
MOBILE SPEED CAMERA,0125A,-35.22995,149.03259
MOBILE SPEED CAMERA,0125B,-35.23035,149.03087
MOBILE SPEED CAMERA,0126A,-35.25576,149.05887
MOBILE SPEED CAMERA,0126B,-35.25617,149.06679
MOBILE SPEED CAMERA,0126C,-35.25589,149.06429
MOBILE SPEED CAMERA,0127A,-35.26342,149.14692
MOBILE SPEED CAMERA,0127B,-35.26106,149.14732
MOBILE SPEED CAMERA,0128A,-35.2573,149.14878
MOBILE SPEED CAMERA,0128B,-35.25506,149.15262
MOBILE SPEED CAMERA,0128C,-35.257796,149.148477
MOBILE SPEED CAMERA,0129A,-35.31113,149.16945
MOBILE SPEED CAMERA,0129B,-35.3137,149.16951
MOBILE SPEED CAMERA,0129C,-35.31405,149.16923
MOBILE SPEED CAMERA,0129D,-35.31116,149.16915
MOBILE SPEED CAMERA,0130A,-35.23493,149.04549
MOBILE SPEED CAMERA,0130B,-35.23469,149.04606
MOBILE SPEED CAMERA,0131A,-35.23572,149.05081
MOBILE SPEED CAMERA,0132A,-35.3159,149.13118
MOBILE SPEED CAMERA,0132B,-35.32024,149.13865
MOBILE SPEED CAMERA,0132C,-35.32111,149.14209
MOBILE SPEED CAMERA,0132D,-35.32205,149.1457
MOBILE SPEED CAMERA,0133A,-35.33261,149.16536
MOBILE SPEED CAMERA,0133B,-35.33475,149.16991
MOBILE SPEED CAMERA,0134A,-35.32241,149.14665
MOBILE SPEED CAMERA,0135A,-35.336779,149.058735
MOBILE SPEED CAMERA,0135B,-35.33677,149.05536
MOBILE SPEED CAMERA,0136A,-35.34377,149.06134
MOBILE SPEED CAMERA,0136B,-35.34303,149.05884
MOBILE SPEED CAMERA,0137A,-35.33864,149.10264
MOBILE SPEED CAMERA,0138A,-35.32454,149.0967
MOBILE SPEED CAMERA,0138B,-35.32194,149.09801
MOBILE SPEED CAMERA,0139A,-35.32786,149.13599
MOBILE SPEED CAMERA,0139B,-35.33037,149.13784
MOBILE SPEED CAMERA,0139C,-35.33321,149.14175
MOBILE SPEED CAMERA,0139D,-35.33458,149.14572
MOBILE SPEED CAMERA,0139E,-35.32888,149.13625
MOBILE SPEED CAMERA,0139F,-35.32428,149.13466
MOBILE SPEED CAMERA,0140A,-35.33294,149.15751
MOBILE SPEED CAMERA,0140B,-35.3331,149.15735
MOBILE SPEED CAMERA,0140C,-35.33174,149.15297
MOBILE SPEED CAMERA,0141A,-35.32644,149.14893
MOBILE SPEED CAMERA,0141B,-35.32921,149.1483
MOBILE SPEED CAMERA,0141C,-35.32976,149.14838
MOBILE SPEED CAMERA,0141D,-35.33217,149.14782
MOBILE SPEED CAMERA,0142A,-35.31536,149.24398
MOBILE SPEED CAMERA,0142B,-35.31111,149.24746
MOBILE SPEED CAMERA,0142C,-35.30373,149.25141
MOBILE SPEED CAMERA,0142D,-35.29477,149.25518
MOBILE SPEED CAMERA,0142E,-35.27512,149.25893
MOBILE SPEED CAMERA,0142F,-35.27295,149.25982
MOBILE SPEED CAMERA,0142G,-35.31139,149.24752
MOBILE SPEED CAMERA,0142H,-35.32021,149.24315
MOBILE SPEED CAMERA,0143A,-35.39096,149.05003
MOBILE SPEED CAMERA,0144A,-35.39014,149.05303
MOBILE SPEED CAMERA,0144B,-35.38949,149.05605
MOBILE SPEED CAMERA,0144C,-35.38997,149.05492
MOBILE SPEED CAMERA,0144D,-35.38846,149.05091
MOBILE SPEED CAMERA,0145A,-35.38362,149.0638
MOBILE SPEED CAMERA,0145B,-35.3904,149.07277
MOBILE SPEED CAMERA,0146A,-35.35598,149.03505
MOBILE SPEED CAMERA,0146B,-35.35658,149.03845
MOBILE SPEED CAMERA,0146C,-35.35598,149.03483
MOBILE SPEED CAMERA,0147A,-35.32807,149.02632
MOBILE SPEED CAMERA,0147B,-35.33494,149.02673
MOBILE SPEED CAMERA,0147C,-35.34044,149.02803
MOBILE SPEED CAMERA,0148A,-35.4723,149.10119
MOBILE SPEED CAMERA,0148B,-35.47159,149.10084
MOBILE SPEED CAMERA,0148C,-35.4708,149.0999
MOBILE SPEED CAMERA,0149A,-35.47114,149.10344
MOBILE SPEED CAMERA,0149B,-35.46911,149.10456
MOBILE SPEED CAMERA,0149C,-35.47087,149.10388
MOBILE SPEED CAMERA,0150A,-35.4749,149.09727
MOBILE SPEED CAMERA,0150B,-35.47426,149.10163
MOBILE SPEED CAMERA,0151A,-35.35084,149.15257
MOBILE SPEED CAMERA,0151B,-35.35206,149.14105
MOBILE SPEED CAMERA,0151C,-35.3513,149.15134
MOBILE SPEED CAMERA,0152A,-35.33918,149.03903
MOBILE SPEED CAMERA,0152B,-35.33625,149.03723
MOBILE SPEED CAMERA,0152C,-35.32986,149.04218
MOBILE SPEED CAMERA,0152D,-35.3295,149.04562
MOBILE SPEED CAMERA,0153A,-35.33058,149.03504
MOBILE SPEED CAMERA,0153B,-35.3309,149.0314
MOBILE SPEED CAMERA,0153C,-35.33053,149.03384
MOBILE SPEED CAMERA,0153D,-35.33035,149.03597
MOBILE SPEED CAMERA,0154A,-35.41678,149.09937
MOBILE SPEED CAMERA,0154A_2,-35.41673,149.0994
MOBILE SPEED CAMERA,0155A,-35.41749,149.08014
MOBILE SPEED CAMERA,0155B,-35.4172,149.07982
MOBILE SPEED CAMERA,0156A,-35.35086,149.04208
MOBILE SPEED CAMERA,0156B,-35.34919,149.04307
MOBILE SPEED CAMERA,0156C,-35.33746,149.05137
MOBILE SPEED CAMERA,0156D,-35.33711,149.05166
MOBILE SPEED CAMERA,0156E,-35.33226,149.05408
MOBILE SPEED CAMERA,0156E,-35.33195,149.05393
MOBILE SPEED CAMERA,0156F,-35.3399,149.05101
MOBILE SPEED CAMERA,0156G,-35.3469,149.04571
MOBILE SPEED CAMERA,0156H,-35.34797,149.04457
MOBILE SPEED CAMERA,0156I,-35.34929,149.04321
MOBILE SPEED CAMERA,0156J,-35.35174,149.04197
MOBILE SPEED CAMERA,0157A,-35.46142,149.10369
MOBILE SPEED CAMERA,0157B,-35.3486,149.04392
MOBILE SPEED CAMERA,0157B,-35.46397,149.10632
MOBILE SPEED CAMERA,0157C,-35.46597,149.10589
MOBILE SPEED CAMERA,0157D,-35.46722,149.10327
MOBILE SPEED CAMERA,0158A,-35.45042,149.08297
MOBILE SPEED CAMERA,0158B,-35.44887,149.07978
MOBILE SPEED CAMERA,0158B,-35.44779,149.07923
MOBILE SPEED CAMERA,0158C,-35.44439,149.08074
MOBILE SPEED CAMERA,0159A,-35.3229,149.12515
MOBILE SPEED CAMERA,0159B,-35.32121,149.12196
MOBILE SPEED CAMERA,0159C,-35.31959,149.12164
MOBILE SPEED CAMERA,0159D,-35.31763,149.12304
MOBILE SPEED CAMERA,0160A,-35.30453,149.12707
MOBILE SPEED CAMERA,0160B,-35.30787,149.12973
MOBILE SPEED CAMERA,0160C,-35.30987,149.1292
MOBILE SPEED CAMERA,0160D,-35.31078,149.1204
MOBILE SPEED CAMERA,0160E,-35.30582,149.12013
MOBILE SPEED CAMERA,0161A,-35.33562,149.0814
MOBILE SPEED CAMERA,0162A,-35.32688,149.07548
MOBILE SPEED CAMERA,0162B,-35.32441,149.07561
MOBILE SPEED CAMERA,0162C,-35.32345,149.07742
MOBILE SPEED CAMERA,0162D,-35.32577,149.08543
MOBILE SPEED CAMERA,0162E,-35.32692,149.09093
MOBILE SPEED CAMERA,0163A,-35.34326,149.10896
MOBILE SPEED CAMERA,0164A,-35.43211,149.07626
MOBILE SPEED CAMERA,0164B,-35.42999,149.07445
MOBILE SPEED CAMERA,0164C,-35.42908,149.07451
MOBILE SPEED CAMERA,0164D,-35.42816,149.07471
MOBILE SPEED CAMERA,0164E,-35.43167,149.07576
MOBILE SPEED CAMERA,0165A,-35.42718,149.0991
MOBILE SPEED CAMERA,0166A,-35.37195,149.09732
MOBILE SPEED CAMERA,0166B,-35.36584,149.08982
MOBILE SPEED CAMERA,0166B,-35.36509,149.0895
MOBILE SPEED CAMERA,0166C,-35.372,149.08604
MOBILE SPEED CAMERA,0166D,-35.37044,149.1022
MOBILE SPEED CAMERA,0166E,-35.369965,149.10353
MOBILE SPEED CAMERA,0167A,-35.36273,149.08217
MOBILE SPEED CAMERA,0167B,-35.36081,149.08434
MOBILE SPEED CAMERA,0168A,-35.28609,149.15099
MOBILE SPEED CAMERA,0168B,-35.29164,149.15039
MOBILE SPEED CAMERA,0168C,-35.28634,149.15115
MOBILE SPEED CAMERA,0169A,-35.28723,149.16128
MOBILE SPEED CAMERA,0170A,-35.31653,149.13962
MOBILE SPEED CAMERA,0170B,-35.31744,149.13879
MOBILE SPEED CAMERA,0170C,-35.31818,149.13796
MOBILE SPEED CAMERA,0171A,-35.3134136,149.1437952
MOBILE SPEED CAMERA,0171B,-35.3158,149.14523
MOBILE SPEED CAMERA,0171C,-35.31735,149.14614
MOBILE SPEED CAMERA,0171D,-35.31873,149.14694
MOBILE SPEED CAMERA,0171E,-35.32109,149.14832
MOBILE SPEED CAMERA,0171F,-35.31733,149.14585
MOBILE SPEED CAMERA,0171G,-35.31624,149.14524
MOBILE SPEED CAMERA,0171H,-35.31202,149.14274
MOBILE SPEED CAMERA,0172A,-35.44987,149.12188
MOBILE SPEED CAMERA,0172B,-35.44584,149.1188
MOBILE SPEED CAMERA,0172C,-35.44389,149.12244
MOBILE SPEED CAMERA,0173A,-35.33249,149.22946
MOBILE SPEED CAMERA,0174A,-35.31705,149.10211
MOBILE SPEED CAMERA,0174B,-35.31703,149.10146
MOBILE SPEED CAMERA,0174C,-35.31639,149.10395
MOBILE SPEED CAMERA,0175A,-35.40304,149.09143
MOBILE SPEED CAMERA,0175B,-35.40105,149.09489
MOBILE SPEED CAMERA,0175C,-35.40147,149.09867
MOBILE SPEED CAMERA,0175D,-35.40196,149.10046
MOBILE SPEED CAMERA,0175E,-35.40249,149.09273
MOBILE SPEED CAMERA,0175F,-35.40372,149.09004
MOBILE SPEED CAMERA,0176A,-35.36184,149.094
MOBILE SPEED CAMERA,0176B,-35.36042,149.0938
MOBILE SPEED CAMERA,0176C,-35.35833,149.09387
MOBILE SPEED CAMERA,0177B,-35.24761,149.16331
MOBILE SPEED CAMERA,0178A,-35.22296,149.1441
MOBILE SPEED CAMERA,0178B,-35.21693,149.14534
MOBILE SPEED CAMERA,0178C,-35.212,149.14674
MOBILE SPEED CAMERA,0178D,-35.20343,149.14849
MOBILE SPEED CAMERA,0178E,-35.19881,149.14973
MOBILE SPEED CAMERA,0178F,-35.19177,149.15128
MOBILE SPEED CAMERA,0178G,-35.18755,149.14593
MOBILE SPEED CAMERA,0178H,-35.18741,149.14624
MOBILE SPEED CAMERA,0178I,-35.19575,149.15046
MOBILE SPEED CAMERA,0178J,-35.20377,149.14863
MOBILE SPEED CAMERA,0178K,-35.21377,149.14672
MOBILE SPEED CAMERA,0178L,-35.22397,149.14417
MOBILE SPEED CAMERA,0179A,-35.22198,149.07237
MOBILE SPEED CAMERA,0179B,-35.22012,149.07165
MOBILE SPEED CAMERA,0180A,-35.1993,149.04772
MOBILE SPEED CAMERA,0180B,-35.20182,149.04982
MOBILE SPEED CAMERA,0180C,-35.19942,149.045671
MOBILE SPEED CAMERA,0181A,-35.25182,149.15251
MOBILE SPEED CAMERA,0181B,-35.25589,149.14322
MOBILE SPEED CAMERA,0181C,-35.25793,149.13856
MOBILE SPEED CAMERA,0181D,-35.25851,149.13704
MOBILE SPEED CAMERA,0181E,-35.2562,149.14212
MOBILE SPEED CAMERA,0181F,-35.2524,149.1508
MOBILE SPEED CAMERA,0182A,-35.43552,149.10607
MOBILE SPEED CAMERA,0182B,-35.43553,149.10804
MOBILE SPEED CAMERA,0182C,-35.43617,149.10234
MOBILE SPEED CAMERA,0182D,-35.43574,149.09911
MOBILE SPEED CAMERA,0183A,-35.40925,149.12298
MOBILE SPEED CAMERA,0183B,-35.40908,149.12826
MOBILE SPEED CAMERA,0183C,-35.409051,149.126379
MOBILE SPEED CAMERA,0184A,-35.31212,149.13914
MOBILE SPEED CAMERA,0184B,-35.31572,149.13779
MOBILE SPEED CAMERA,0185A,-35.30937,149.13618
MOBILE SPEED CAMERA,0185B,-35.3097,149.1373
MOBILE SPEED CAMERA,0185C,-35.30938,149.13446
MOBILE SPEED CAMERA,0186A,-35.42308,149.06763
MOBILE SPEED CAMERA,0186B,-35.42258,149.06757
MOBILE SPEED CAMERA,0186C,-35.41806,149.06412
MOBILE SPEED CAMERA,0186D,-35.41423,149.06174
MOBILE SPEED CAMERA,0186E,-35.41737,149.06366
MOBILE SPEED CAMERA,0186F,-35.42254,149.06776
MOBILE SPEED CAMERA,0187A,-35.32081,149.19503
MOBILE SPEED CAMERA,0187B,-35.31995,149.20775
MOBILE SPEED CAMERA,0187C,-35.32488,149.22152
MOBILE SPEED CAMERA,0188A,-35.43245,149.10354
MOBILE SPEED CAMERA,0188B,-35.43337,149.10916
MOBILE SPEED CAMERA,0188C,-35.43319,149.11505
MOBILE SPEED CAMERA,0188D,-35.43508,149.12182
MOBILE SPEED CAMERA,0189A,-35.43966,149.10318
MOBILE SPEED CAMERA,0190A,-35.43963,149.0984
MOBILE SPEED CAMERA,0191A,-35.32014,149.08146
MOBILE SPEED CAMERA,0192A,-35.32132,149.07186
MOBILE SPEED CAMERA,0192B,-35.31892,149.07166
MOBILE SPEED CAMERA,0192C,-35.31849,149.07899
MOBILE SPEED CAMERA,0193A,-35.3208,149.075
MOBILE SPEED CAMERA,0194A,-35.3236,149.07102
MOBILE SPEED CAMERA,0194A,-35.32456,149.07154
MOBILE SPEED CAMERA,0195A,-35.32938,149.0734
MOBILE SPEED CAMERA,0195B,-35.33064,149.07493
MOBILE SPEED CAMERA,0196A,-35.1858,149.14911
MOBILE SPEED CAMERA,0196B,-35.18514,149.14414
MOBILE SPEED CAMERA,0196C,-35.18334,149.13377
MOBILE SPEED CAMERA,0196D,-35.18278,149.13012
MOBILE SPEED CAMERA,0196E,-35.18359,149.13647
MOBILE SPEED CAMERA,0196F,-35.1854,149.14814
MOBILE SPEED CAMERA,0196G,-35.18607,149.15205
MOBILE SPEED CAMERA,0197A,-35.1757,149.12218
MOBILE SPEED CAMERA,0197B,-35.17229,149.11779
MOBILE SPEED CAMERA,0197C,-35.17897,149.12579
MOBILE SPEED CAMERA,0198A,-35.24255,149.08033
MOBILE SPEED CAMERA,0198B,-35.24232,149.0781
MOBILE SPEED CAMERA,0199A,-35.23344,149.06246
MOBILE SPEED CAMERA,0200A,-35.21979,149.09824
MOBILE SPEED CAMERA,0200B,-35.22638,149.09996
MOBILE SPEED CAMERA,02010C,-35.25795,149.0641
MOBILE SPEED CAMERA,02010D,-35.2612,149.06567
MOBILE SPEED CAMERA,0201A,-35.21841,149.08097
MOBILE SPEED CAMERA,0201B,-35.20431,149.08991
MOBILE SPEED CAMERA,0201C,-35.22323,149.07822
MOBILE SPEED CAMERA,0202A,-35.28602,149.14435
MOBILE SPEED CAMERA,0202B,-35.28627,149.14368
MOBILE SPEED CAMERA,0203A,-35.29314,149.14741
MOBILE SPEED CAMERA,0204A,-35.30837,149.12822
MOBILE SPEED CAMERA,0205A,-35.29963,149.13206
MOBILE SPEED CAMERA,0206A,-35.25987,149.12538
MOBILE SPEED CAMERA,0206B,-35.25943,149.12013
MOBILE SPEED CAMERA,0206C,-35.25896,149.11692
MOBILE SPEED CAMERA,0206D,-35.25929,149.12022
MOBILE SPEED CAMERA,0207A,-35.25921,149.11369
MOBILE SPEED CAMERA,0207B,-35.25889,149.11404
MOBILE SPEED CAMERA,0208A,-35.25045,149.11941
MOBILE SPEED CAMERA,0208B,-35.25507,149.1158
MOBILE SPEED CAMERA,0208C,-35.26149,149.11501
MOBILE SPEED CAMERA,0209A,-35.25938,149.07555
MOBILE SPEED CAMERA,0209B,-35.25845,149.0832
MOBILE SPEED CAMERA,0210A,-35.2611,149.07037
MOBILE SPEED CAMERA,0210B,-35.26003,149.06443
MOBILE SPEED CAMERA,0210C,-35.25806,149.06407
MOBILE SPEED CAMERA,0210D,-35.2612,149.06567
MOBILE SPEED CAMERA,0211A,-35.24895,149.06172
MOBILE SPEED CAMERA,0211B,-35.24772,149.0602
MOBILE SPEED CAMERA,0211C,-35.25153,149.0637
MOBILE SPEED CAMERA,0212A,-35.25367,149.06068
MOBILE SPEED CAMERA,0213A,-35.21523,149.00988
MOBILE SPEED CAMERA,0213B,-35.20983,149.01427
MOBILE SPEED CAMERA,0213C,-35.2154,149.01548
MOBILE SPEED CAMERA,0214A,-35.21613,148.99232
MOBILE SPEED CAMERA,0214B,-35.21797,149.0059
MOBILE SPEED CAMERA,0215A,-35.22677,149.01318
MOBILE SPEED CAMERA,0215B,-35.22203,149.01208
MOBILE SPEED CAMERA,0216A,-35.22417,149.05494
MOBILE SPEED CAMERA,0216B,-35.22387,149.05517
MOBILE SPEED CAMERA,0217A,-35.2313,149.05462
MOBILE SPEED CAMERA,0218A,-35.223,149.04277
MOBILE SPEED CAMERA,0219A,-35.21345,149.05398
MOBILE SPEED CAMERA,0220A,-35.161709,149.144903
MOBILE SPEED CAMERA,0220B,-35.160147,149.147331
MOBILE SPEED CAMERA,0221A,-35.153679,149.143521
MOBILE SPEED CAMERA,0222A,-35.171001,149.125079
MOBILE SPEED CAMERA,0223A,-35.190768,149.11755
MOBILE SPEED CAMERA,0224A,-35.19797,149.110972
MOBILE SPEED CAMERA,0225A,-35.201168,149.105901
MOBILE SPEED CAMERA,0226A,-35.200023,149.111308
MOBILE SPEED CAMERA,0226B,-35.20542,149.110131
MOBILE SPEED CAMERA,0227A,-35.215927,149.137407
MOBILE SPEED CAMERA,0227B,-35.218368,149.136919
MOBILE SPEED CAMERA,0227C,-35.203381,149.139802
MOBILE SPEED CAMERA,0227D,-35.211321,149.138251
MOBILE SPEED CAMERA,0227E,-35.212983,149.137929
MOBILE SPEED CAMERA,0228A,-35.20713,149.135799
MOBILE SPEED CAMERA,0228B,-35.20706,149.136899
MOBILE SPEED CAMERA,0228C,-35.207973,149.143581
MOBILE SPEED CAMERA,0228D,-35.209375,149.153774
MOBILE SPEED CAMERA,0228E,-35.209733,149.158721
MOBILE SPEED CAMERA,0229A,-35.177975,149.088232
MOBILE SPEED CAMERA,0230A,-35.306626,149.030811
MOBILE SPEED CAMERA,0230B,-35.297275,149.034234
MOBILE SPEED CAMERA,0230C,-35.309181,149.031272
MOBILE SPEED CAMERA,0231A,-35.334962,149.324708
MOBILE SPEED CAMERA,0231A,-35.334123,149.326102
MOBILE SPEED CAMERA,0231B,-35.332371,149.334204
MOBILE SPEED CAMERA,0231C,-35.323841,149.376737
MOBILE SPEED CAMERA,0231D,-35.335369,149.324454
MOBILE SPEED CAMERA,0232A,-35.286243,148.915875
MOBILE SPEED CAMERA,0232B,-35.275821,148.924585
MOBILE SPEED CAMERA,0233A,-35.31267,149.08508
MOBILE SPEED CAMERA,0233B,-35.31677,149.072881
MOBILE SPEED CAMERA,0233C,-35.327103,149.046647
MOBILE SPEED CAMERA,0233C,-35.325001,149.055276
MOBILE SPEED CAMERA,0233D,-35.327104,149.04665
MOBILE SPEED CAMERA,0233D,-35.327023,149.046649
MOBILE SPEED CAMERA,0233E,-35.323583,149.056323
MOBILE SPEED CAMERA,0233F,-35.317001,149.070485
MOBILE SPEED CAMERA,0233G,-35.312334,149.086803
MOBILE SPEED CAMERA,0234A,-35.201173,149.159284
MOBILE SPEED CAMERA,0234B,-35.201503,149.152674
MOBILE SPEED CAMERA,0235A,-35.19435,149.15427
MOBILE SPEED CAMERA,0235B,-35.194949,149.157743
MOBILE SPEED CAMERA,0236A,-35.18772,149.12327
MOBILE SPEED CAMERA,0236B,-35.186551,149.127726
MOBILE SPEED CAMERA,0236C,-35.188118,149.137181
MOBILE SPEED CAMERA,0237A,-35.342431,149.228473
MOBILE SPEED CAMERA,0237B,-35.342132,149.226579
MOBILE SPEED CAMERA,0237C,-35.3406,149.216982
MOBILE SPEED CAMERA,0238A,-35.1989,149.031571
MOBILE SPEED CAMERA,0238B,-35.204704,149.030795
MOBILE SPEED CAMERA,0239A,-35.244295,149.06727
MOBILE SPEED CAMERA,0239B,-35.24558,149.067573
MOBILE SPEED CAMERA,0240A,-35.220881,149.038118
MOBILE SPEED CAMERA,0241A,-35.247866,149.049985
MOBILE SPEED CAMERA,0241B,-35.246718,149.050547
MOBILE SPEED CAMERA,0242A,-35.247251,149.04005
MOBILE SPEED CAMERA,0243A,-35.21754,149.195208
MOBILE SPEED CAMERA,0243B,-35.227493,149.19635
MOBILE SPEED CAMERA,0243C,-35.234282,149.195385
MOBILE SPEED CAMERA,0243D,-35.249873,149.188673
MOBILE SPEED CAMERA,0243E,-35.259035,149.187355
MOBILE SPEED CAMERA,0243F,-35.274134,149.186969
MOBILE SPEED CAMERA,0243G,-35.266928,149.187201
MOBILE SPEED CAMERA,0243H,-35.258807,149.187156
MOBILE SPEED CAMERA,0243I,-35.234002,149.195269
MOBILE SPEED CAMERA,0243J,-35.221761,149.195718
MOBILE SPEED CAMERA,0244A,-35.378725,149.181881
MOBILE SPEED CAMERA,0244B,-35.381983,149.176531
MOBILE SPEED CAMERA,0245A,-35.240624,149.075135
MOBILE SPEED CAMERA,0245B,-35.237188,149.077151
MOBILE SPEED CAMERA,0247A,-35.450671,148.981382
MOBILE SPEED CAMERA,0248A,-35.45019,149.046551
MOBILE SPEED CAMERA,0248B,-35.44752,149.063152
MOBILE SPEED CAMERA,0249A,-35.461421,149.078774
MOBILE SPEED CAMERA,0249B,-35.45267,149.080583
MOBILE SPEED CAMERA,0250A,-35.471325,149.088971
MOBILE SPEED CAMERA,0250B,-35.46136,149.084315
MOBILE SPEED CAMERA,0250C,-35.461539,149.084355
MOBILE SPEED CAMERA,0251A,-35.27701,149.08677
MOBILE SPEED CAMERA,0251B,-35.26943,149.08787
MOBILE SPEED CAMERA,0251C,-35.27559,149.08749
MOBILE SPEED CAMERA,0252A,-35.428704,149.072433
MOBILE SPEED CAMERA,0252A,-35.428724,149.072429
MOBILE SPEED CAMERA,0252B,-35.428984,149.072333
MOBILE SPEED CAMERA,0252B,-35.428973,149.072253
MOBILE SPEED CAMERA,0253A,-35.453605,149.118931
MOBILE SPEED CAMERA,0253B,-35.4536,149.118849
MOBILE SPEED CAMERA,0254A,-35.209291,149.038725
MOBILE SPEED CAMERA,0254B,-35.209096,149.042819
MOBILE SPEED CAMERA,0255A,-35.246148,149.127837
MOBILE SPEED CAMERA,0255B,-35.247882,149.129773
MOBILE SPEED CAMERA,0256A,-35.41409,149.115099
MOBILE SPEED CAMERA,0256B,-35.400455,149.122919
MOBILE SPEED CAMERA,0256C,-35.398905,149.116474
MOBILE SPEED CAMERA,0256D,-35.409188,149.119321
MOBILE SPEED CAMERA,0256E,-35.418344,149.107107
MOBILE SPEED CAMERA,0257A,-35.43054,149.127919
MOBILE SPEED CAMERA,0257B,-35.430828,149.123369
MOBILE SPEED CAMERA,0258A,-35.163902,149.147828
MOBILE SPEED CAMERA,0259A,-35.167083,149.095982
MOBILE SPEED CAMERA,0260A,-35.171832,149.092249
MOBILE SPEED CAMERA,0260B,-35.173284,149.091269
MOBILE SPEED CAMERA,0261A,-35.317858,149.150901
MOBILE SPEED CAMERA,0262A,-35.425405,149.132653
MOBILE SPEED CAMERA,0262B,-35.424325,149.115327
MOBILE SPEED CAMERA,0262C,-35.415155,149.13295
MOBILE SPEED CAMERA,3000A,-35.242385,149.087771
MOBILE SPEED CAMERA,3001A,-35.204721,149.030789
MOBILE SPEED CAMERA,3002A,-35.187726,149.123275
MOBILE SPEED CAMERA,3003A,-35.194354,149.15427
MOBILE SPEED CAMERA,3004A,-35.201501,149.152666
MOBILE SPEED CAMERA,3005A,-35.247255,149.040058
MOBILE SPEED CAMERA,3006A,-35.25063,149.12583
MOBILE SPEED CAMERA,3007A,-35.253978,149.147274
MOBILE SPEED CAMERA,3008A,-35.19777,149.120784
MOBILE SPEED CAMERA,3008B,-35.197898,149.119858
MOBILE SPEED CAMERA,3009A,-35.256223,149.079421
MOBILE SPEED CAMERA,3010A,-35.315443,149.126609
MOBILE SPEED CAMERA,3011A,-35.318058,149.115901
MOBILE SPEED CAMERA,3011B,-35.316771,149.116587
MOBILE SPEED CAMERA,3012A,-35.425473,149.090901
MOBILE SPEED CAMERA,3013A,-35.441233,149.116379
MOBILE SPEED CAMERA,3014A,-35.336347,149.148487
MOBILE SPEED CAMERA,3015A,-35.339955,149.134001
MOBILE SPEED CAMERA,3016A,-35.331375,149.122657
MOBILE SPEED CAMERA,3017A,-35.32379,149.093457
MOBILE SPEED CAMERA,3018A,-35.340335,149.090097
MOBILE SPEED CAMERA,3019A,-35.361795,149.087758
MOBILE SPEED CAMERA,3020A,-35.371858,149.091117
MOBILE SPEED CAMERA,3021A,-35.379083,149.107299
MOBILE SPEED CAMERA,3022A,-35.341047,149.076029
MOBILE SPEED CAMERA,3023A,-35.331275,149.078696
MOBILE SPEED CAMERA,3024A,-35.40526,149.117831
MOBILE SPEED CAMERA,3025A,-35.405258,149.117831
MOBILE SPEED CAMERA,3025A,-35.429008,149.090024
MOBILE SPEED CAMERA,3026A,-35.46098,149.097771
MOBILE SPEED CAMERA,3027A,-35.380428,149.052719
MOBILE SPEED CAMERA,3028A,-35.225133,149.114669
MOBILE SPEED CAMERA,3028B,-35.22518,149.113981
MOBILE SPEED CAMERA,3029A,-35.235253,149.102219
MOBILE SPEED CAMERA,3030A,-35.17976,149.092719
MOBILE SPEED CAMERA,3031A,-35.192488,149.043271
MOBILE SPEED CAMERA,3032A,-35.207325,149.076384
MOBILE SPEED CAMERA,3033A,-35.226658,149.052354
MOBILE SPEED CAMERA,3034A,-35.225425,149.040971
MOBILE SPEED CAMERA,3035A,-35.24436,149.031399
MOBILE SPEED CAMERA,3036A,-35.248805,149.154729
MOBILE SPEED CAMERA,3037A,-35.237474,149.152808
MOBILE SPEED CAMERA,3038A,-35.253648,149.139205
MOBILE SPEED CAMERA,3039A,-35.274185,149.139599
MOBILE SPEED CAMERA,3040A,-35.353754,149.060072
MOBILE SPEED CAMERA,3041A,-35.334808,149.031851
MOBILE SPEED CAMERA,3042A,-35.332975,149.049043
MOBILE SPEED CAMERA,3043A,-35.357178,149.042929
MOBILE SPEED CAMERA,3044A,-35.355123,149.042546
MOBILE SPEED CAMERA,3045A,-35.414688,149.111849
MOBILE SPEED CAMERA,3046A,-35.25293,149.131042
MOBILE SPEED CAMERA,3047A,-35.290995,149.155772
MOBILE SPEED CAMERA,3048A,-35.285675,149.146929
MOBILE SPEED CAMERA,3049A,-35.195384,149.152436
MOBILE SPEED CAMERA,3050A,-35.196955,149.145502
MOBILE SPEED CAMERA,3050B,-35.197066,149.145771
MOBILE SPEED CAMERA,3051A,-35.394878,149.080477
MOBILE SPEED CAMERA,3052A,-35.399175,149.085271
MOBILE SPEED CAMERA,3053A,-35.406012,149.090951
MOBILE SPEED CAMERA,3054A,-35.439408,149.08908
MOBILE SPEED CAMERA,3055A,-35.456732,149.086053
MOBILE SPEED CAMERA,3056A,-35.458683,149.095797
MOBILE SPEED CAMERA,3057A,-35.447025,149.12462
MOBILE SPEED CAMERA,3058A,-35.418558,149.122323
MOBILE SPEED CAMERA,3059A,-35.419625,149.13598
MOBILE SPEED CAMERA,4000,-35.202827,149.096463
MOBILE SPEED CAMERA,4001A,-35.198973,149.092068
MOBILE SPEED CAMERA,4001B,-35.202706,149.096607
MOBILE SPEED CAMERA,4002A,-35.197646,149.162917
MOBILE SPEED CAMERA,4002B,-35.191379,149.160513
MOBILE SPEED CAMERA,3061A,-35.351858,149.054001
MOBILE SPEED CAMERA,0264A,-35.35053,149.049679
MOBILE SPEED CAMERA,0272A,-35.282084,149.137251
MOBILE SPEED CAMERA,0269A,-35.26887,149.134924
MOBILE SPEED CAMERA,0270A,-35.270707,149.136787
MOBILE SPEED CAMERA,0271A,-35.275509,149.136237
MOBILE SPEED CAMERA,3060A,-35.377686,149.064281
MOBILE SPEED CAMERA,0267B,-35.368492,149.098549
MOBILE SPEED CAMERA,0265A,-35.347685,149.052099
MOBILE SPEED CAMERA,0268A,-35.211365,149.096778
MOBILE SPEED CAMERA,0266A,-35.352938,149.094731
MOBILE SPEED CAMERA,0263A,-35.378508,149.059674
MOBILE SPEED CAMERA,0271B,-35.274177,149.139637
MOBILE SPEED CAMERA,4004A,-35.222296,149.1441
MOBILE SPEED CAMERA,4003A,-35.315765,149.076981
MOBILE SPEED CAMERA,4004B,-35.204635,149.14805
MOBILE SPEED CAMERA,4004C,-35.196372,149.150503
FIXED ONLY SPEED CAMERA,1026N,-35.19213,149.08327
FIXED ONLY SPEED CAMERA,1026S,-35.19198,149.08327
POINT TO POINT CAMERA,2006/2007,-35.395173,149.074769
POINT TO POINT CAMERA,2005/2008,-35.373625,149.092969
MOBILE SPEED CAMERA,3062,-35.355139,149.053829
MOBILE SPEED CAMERA,3063,-35.393191,149.066987
MOBILE SPEED CAMERA,0275B,-35.393191,149.066987
MOBILE SPEED CAMERA,0275A,-35.396254,149.062129
MOBILE SPEED CAMERA,0274A,-35.335538,149.046653
MOBILE SPEED CAMERA,0274B,-35.336263,149.04145
MOBILE SPEED CAMERA,0211D,-35.247622,149.059273
MOBILE SPEED CAMERA,0211E,-35.24955,149.062629
MOBILE SPEED CAMERA,0277A,-35.27022,149.11677
MOBILE SPEED CAMERA,0276A,-35.268,149.119417
MOBILE SPEED CAMERA,3064A,-35.250633,149.058803